<?xml version="1.0" encoding="UTF-8"?>
<!DOCTYPE mapper
        PUBLIC "-//mybatis.org//DTD Mapper 3.0//EN"
        "http://mybatis.org/dtd/mybatis-3-mapper.dtd">

<mapper namespace="com.learn.dao.AccountDao">

    <!-- 定义封装account和user的resultMao -->
    <resultMap id="accountUserMap" type="com.learn.domain.Account">
        <id property="id" column="aid"></id>
        <result property="uid" column="uid"></result>
        <result property="money" column="money"></result>
        <!-- 一对一的关系映射，配置封装user的内容 -->
        <association property="user" column="uid" javaType="com.learn.domain.User">
            <id property="id" column="id"></id>
            <result column="username" property="username"></result>
            <result column="address" property="address"></result>
            <result column="sex" property="sex"></result>
            <result column="birthday" property="birthday"></result>
        </association>
    </resultMap>

    <select id="findAll" resultMap="accountUserMap">
        select u.*, a.id as aid, a.uid, a.money from account a, user u where u.id=a.uid;
    </select>

    <!-- 查询所有账户同时包含用户名和地址信息 -->
    <select id="findAllAccount" resultType="com.learn.domain.AccountUser">
        select a.*, u.username, u.address from account a, user u where u.id=a.uid
    </select>
</mapper>
