<?xml version="1.0" encoding="UTF-8"?>
<!DOCTYPE mapper
        PUBLIC "-//mybatis.org//DTD Mapper 3.0//EN"
        "http://mybatis.org/dtd/mybatis-3-mapper.dtd">

<mapper namespace="com.learn.dao.UserDao">

    <!-- 定义User的resultMao -->
    <resultMap id="userAccountMap" type="user">
        <id property="id" column="id"></id>
        <result property="username" column="username"></result>
        <result property="address" column="address"></result>
        <result property="sex" column="sex"></result>
        <result property="birthday" column="birthday"></result>
        <!-- 配置user对象中accounts集合的映射 -->
        <collection property="accounts" ofType="com.learn.domain.Account"><!-- account别名 -->
            <id property="id" column="aid"></id>
            <result property="uid" column="uid"></result>
            <result property="money" column="money"></result>
        </collection>
    </resultMap>

    <select id="findAll" resultMap="userAccountMap">
        select * from user u left outer join account a on u.id = a.uid
    </select>

    <select id="findById" parameterType="int" resultType="com.learn.domain.User">
        select * from user
        where id = #{suibianxie}
    </select>
</mapper>
