<?xml version="1.0" encoding="UTF-8"?>
<!DOCTYPE configuration
        PUBLIC "-//mybatis.org//DTD Config 3.0//EN"
        "http://mybatis.org/dtd/mybatis-3-config.dtd">

<!-- mybatis的主配置文件:和环境、连数据库相关的 -->
<configuration>
    <!-- 配置环境 -->
    <environments default="mysql"><!-- 起个名 -->
        <!-- 配置mysql的环境 -->
        <environment id="mysql"><!-- 上面那名 -->
            <!-- 配置事务的类型 -->
            <transactionManager type="JDBC"></transactionManager>
            <!-- 配置数据源(连接池) -->
            <dataSource type="POOLED"><!-- 取值有3个 -->
                <!-- 配置连接数据库的4个基本信息 -->
                <property name="driver" value="com.mysql.cj.jdbc.Driver"/>
                <property name="url" value="jdbc:mysql://localhost:3306/mybatis"/>
                <property name="username" value="root"/>
                <property name="password" value="xxxx"/>
            </dataSource>
        </environment>
    </environments>

    <!-- 指定映射配置文件的位置 -->
    <!-- 映射配置文件指的是每个dao独立的配置文件 -->
    <mappers>
        <mapper resource="com/learn/dao/UserDao.xml"></mapper>
    </mappers>
</configuration>


















