<?xml version="1.0" encoding="UTF-8"?>
<!DOCTYPE mapper
        PUBLIC "-//mybatis.org//DTD Mapper 3.0//EN"
        "http://mybatis.org/dtd/mybatis-3-mapper.dtd">

<mapper namespace="com.learn.dao.AccountDao">

    <!-- 定义封装account和user的resultMao -->
    <resultMap id="accountUserMap" type="com.learn.domain.Account">
        <id property="id" column="id"></id>
        <result property="uid" column="uid"></result>
        <result property="money" column="money"></result>
        <!-- 一对一的关系映射，配置封装user的内容
            select 属性指定的内容：
                查询用户的唯一标志
            column 属性指定的内容：
                用户根据id查询时，所需要的参数的值
        -->
        <association property="user" column="uid" javaType="user"
                     select="com.learn.dao.UserDao.findById">
        </association>
    </resultMap>

    <!-- 查询所有 -->
    <select id="findAll" resultMap="accountUserMap">
        select * from account
    </select>

    <!-- 根据用户id查询账户列表 -->
    <select id="findAccountByUid" resultType="com.learn.domain.Account">
        select * from account where uid=#{uid}
    </select>
</mapper>
