<?xml version="1.0" encoding="UTF-8"?>
<!DOCTYPE mapper
        PUBLIC "-//mybatis.org//DTD Mapper 3.0//EN"
        "http://mybatis.org/dtd/mybatis-3-mapper.dtd">

<mapper namespace="com.learn.dao.UserDao">

    <!-- 定义User的resultMao -->
    <resultMap id="userAccountMap" type="user">
        <id property="id" column="id"></id>
        <result property="username" column="username"></result>
        <result property="address" column="address"></result>
        <result property="sex" column="sex"></result>
        <result property="birthday" column="birthday"></result>
        <!-- 配置user对象中accounts集合的映射 -->
        <collection property="accounts" ofType="com.learn.domain.Account"
                    select="com.learn.dao.AccountDao.findAccountById" column="id"><!-- account别名 -->

        </collection>
    </resultMap>

    <select id="findAll" resultMap="userAccountMap">
        select * from user
    </select>

    <select id="findById" parameterType="int" resultType="com.learn.domain.User">
        select * from user
        where id = #{suibianxie}
    </select>
</mapper>
