<?xml version="1.0" encoding="UTF-8"?>
<!DOCTYPE mapper
        PUBLIC "-//mybatis.org//DTD Mapper 3.0//EN"
        "http://mybatis.org/dtd/mybatis-3-mapper.dtd">

<mapper namespace="com.learn.dao.UserDao">

    <!-- 定义User的resultMao -->
    <resultMap id="userMap" type="user">
        <id property="id" column="id"></id>
        <result property="username" column="username"></result>
        <result property="address" column="address"></result>
        <result property="sex" column="sex"></result>
        <result property="birthday" column="birthday"></result>
        <!-- 配置角色集合的映射 -->
        <collection property="roles" ofType="role">
            <id property="roleId" column="rid"></id>
            <result property="roleName" column="role_name"></result>
            <result property="roleDesc" column="role_desc"></result>
        </collection>
    </resultMap>

    <!-- 查询所有 -->
    <select id="findAll" resultMap="userMap">
        select u.*, r.id as rid, r.role_name, r.role_desc from user u
            left outer join user_role ur on u.id = ur.uid
            left outer join role r on r.id = ur.rid
    </select>
</mapper>












