<?xml version="1.0" encoding="UTF-8"?>
<!DOCTYPE configuration
        PUBLIC "-//mybatis.org//DTD Config 3.0//EN"
        "http://mybatis.org/dtd/mybatis-3-config.dtd">

<configuration>
    <properties resource="jdbcConfig.properties"></properties>

    <!-- 配置参数 -->
    <settings>
        <!-- 开启MyBatis支持延迟加载 -->
        <setting name="lazyLoadingEnabled" value="true"/>
        <!-- 触发方法立即加载 否则按需加载 -->
        <setting name="aggressiveLazyLoading" value="false"/>
    </settings>
    
    <!-- 使用typeAliases 配置别名。它只能配置domain中类的别名 -->
    <typeAliases>
        <package name="com.learn.domain"></package>
    </typeAliases>

    <!-- 配置环境 -->
    <environments default="mysql">
        <environment id="mysql">
            <!-- 配置事务 -->
            <transactionManager type="JDBC"></transactionManager>
            <!-- 配置连接池 -->
            <dataSource type="POOLED">
                <!-- 配置连接数据库的4个基本信息 -->
                <property name="driver" value="${jdbc.driver}"/>
                <property name="url" value="${jdbc.url}"/>
                <property name="username" value="${jdbc.username}"/>
                <property name="password" value="${jdbc.password}"/>
            </dataSource>
        </environment>
    </environments>
    <!-- 指定映射配置文件的位置 -->
    <mappers>
        <package name="com.learn.dao"></package>
    </mappers>
</configuration>

