<?xml version="1.0" encoding="UTF-8"?>
<!DOCTYPE configuration
        PUBLIC "-//mybatis.org//DTD Config 3.0//EN"
        "http://mybatis.org/dtd/mybatis-3-config.dtd">

<configuration>
    <!-- 配置properties 一般不写这 放外面的配置文件里 -->
    <!-- 可以在标签内部配置连接数据库的信息。也可以通过属性引用外部配置文件信息
            resource属性：
                用于指定配置文件的位置，是按照类路径的写法来写，并且必须存在于类路径下
            url属性： 通常不用
                是要求按照URL的写法来写地址
                URL：Uniform Resource Locator 统一资源定位符。它可以唯一标识一个资源的位置。
                写法：
                    协议  主机  端口  URI
                    http://localhost:8080/mybatisserver/demoServlet

                URI：Uniform Resource Identifier 统一资源标识符。它是在应用中可以唯一定位一个资源的。

     -->
    <properties resource="jdbcConfig.properties">
        <!-- url="file:///E:\code\MyBatis202Dao\src\main\resources\jdbcConfig.properties" -->
        <!--<property name="driver" value="com.mysql.cj.jdbc.Driver"/>
        <property name="url" value="jdbc:mysql://localhost:3306/mybatis"/>
        <property name="username" value="root"/>
        <property name="password" value="xxxx"/>-->
    </properties>

    <!-- 使用tyoeAliases 配置别名。它只能配置domain中类的别名 -->
    <typeAliases>
        <!-- type属性指定的是实体类全限定类名。alias属性指定别名 指定了别名就不再区分大小写 -->
        <typeAlias type="com.learn.domain.User" alias="user"></typeAlias>

        <!-- 用于指定要配置别名的包，当指定之后，该包下的实体类都会注册别名，并且类名就是别名，不再区分大小写 -->
        <package name="com.learn.domain"></package>
    </typeAliases>


    <!-- 配置环境 -->
    <environments default="mysql">
        <environment id="mysql">
            <!-- 配置事务 -->
            <transactionManager type="JDBC"></transactionManager>
            <!-- 配置连接池 -->
            <dataSource type="POOLED">
                <!-- 配置连接数据库的4个基本信息 -->
                <property name="driver" value="${jdbc.driver}"/>
                <property name="url" value="${jdbc.url}"/>
                <property name="username" value="${jdbc.username}"/>
                <property name="password" value="${jdbc.password}"/>
            </dataSource>
        </environment>
    </environments>
    <!-- 指定映射配置文件的位置 -->
    <mappers>
<!--        <mapper resource="com/learn/dao/UserDao.xml"></mapper>-->

        <!-- 用于指定dao接口所在的包,当指定了之后就不需要再写mapper以及resource或者class了 -->
        <package name="com.learn.dao"></package>
    </mappers>

</configuration>
