<?xml version="1.0" encoding="UTF-8"?>
<!DOCTYPE mapper
        PUBLIC "-//mybatis.org//DTD Mapper 3.0//EN"
        "http://mybatis.org/dtd/mybatis-3-mapper.dtd">

<mapper namespace="com.learn.dao.UserDao">
    <!-- 开启user支持二级缓存 -->
    <cache></cache>

    <!-- useCache="true" -->

    <select id="findAll" resultType="com.learn.domain.User" >
        select * from user
    </select>

    <select id="findById" parameterType="int" resultType="com.learn.domain.User" useCache="true">
        select * from user
        where id = #{suibianxie}
    </select>

    <update id="updateUser" parameterType="user">
        update user set username=#{username}, address=#{address}
         where id=#{id}
    </update>
</mapper>
