<?xml version="1.0" encoding="UTF-8"?>
<!DOCTYPE configuration
        PUBLIC "-//mybatis.org//DTD Config 3.0//EN"
        "http://mybatis.org/dtd/mybatis-3-config.dtd">
<configuration>
    <!-- 引入外部配置文件 -->
    <properties resource="jdbcConfig.properties"></properties>
    <!-- 配置实体类 别名 -->
    <typeAliases>
        <package name="com.learn.domain"/>
    </typeAliases>
    <!-- 配置环境 -->
    <environments default="mysql">
        <environment id="mysql">
            <transactionManager type="JDBC"></transactionManager>
            <dataSource type="POOLED">
                <property name="driver" value="${jdbc.driver}"/>
                <property name="url" value="${jdbc.url}"/>
                <property name="username" value="${jdbc.username}"/>
                <property name="password" value="${jdbc.password}"/>
            </dataSource>
        </environment>
    </environments>
    <!-- 指定带有注解的dao接口所在位置 -->
    <mappers>
        <!-- 无法判断是xml还是class xml注解同时出现则报错 -->
        <package name="com.learn.dao"/>
    </mappers>
</configuration>

















