<?xml version="1.0" encoding="UTF-8"?>
<!DOCTYPE configuration
        PUBLIC "-//mybatis.org//DTD Config 3.0//EN"
        "http://mybatis.org/dtd/mybatis-3-config.dtd">

<configuration>
    <!-- 配置环境 -->
    <environments default="mysql">
        <environment id="mysql">
            <!-- 配置事务 -->
            <transactionManager type="JDBC"></transactionManager>
            <!-- 配置连接池 -->
            <dataSource type="POOLED">
                <!-- 配置连接数据库的4个基本信息 -->
                <property name="driver" value="com.mysql.cj.jdbc.Driver"/>
                <property name="url" value="jdbc:mysql://localhost:3306/mybatis"/>
                <property name="username" value="root"/>
                <property name="password" value="xxxx"/>
            </dataSource>
        </environment>
    </environments>
    <!-- 指定映射配置文件的位置 -->
    <mappers>
        <mapper resource="com/learn/dao/UserDao.xml"></mapper>
    </mappers>

</configuration>
